http://shoals.craigslist.org,3552176758
http://lansing.craigslist.org,3510402391
http://bellingham.craigslist.org,3543336085
http://outerbanks.craigslist.org,3556890889
http://kansascity.craigslist.org,3519529765
http://ksu.craigslist.org,3538105761
http://butte.craigslist.org,3532340229
http://portland.craigslist.org,3494657312
http://cleveland.craigslist.org,3556975951
http://norfolk.craigslist.org,3514656484
http://bigbend.craigslist.org,
http://stgeorge.craigslist.org,3541716760
http://wyoming.craigslist.org,3531936127
http://chambersburg.craigslist.org,3553667145
http://jackson.craigslist.org,3556717863
http://plattsburgh.craigslist.org,3507165511
http://dubuque.craigslist.org,3513154005
http://losangeles.craigslist.org,3556928716
http://erie.craigslist.org,3495290394
http://galveston.craigslist.org,3555857481
http://rochester.craigslist.org,3545576530
http://stillwater.craigslist.org,3493273697
http://fortcollins.craigslist.org,3556881137
http://imperial.craigslist.org,3497501291
http://elmira.craigslist.org,3556920136
http://csd.craigslist.org,
http://tuscaloosa.craigslist.org,3514550404
http://waterloo.craigslist.org,3553766682
http://jacksonville.craigslist.org,3548928150
http://quadcities.craigslist.org,3523588550
http://charlotte.craigslist.org,3556944572
http://easternshore.craigslist.org,3522363609
http://cedarrapids.craigslist.org,3551514163
http://fortmyers.craigslist.org,3493910661
http://eugene.craigslist.org,3556984796
http://goldcountry.craigslist.org,3555978400
http://anchorage.craigslist.org,3544357172
http://harrisburg.craigslist.org,3556920665
http://staugustine.craigslist.org,3505945353
http://sandiego.craigslist.org,3556932034
http://rockford.craigslist.org,3549981547
http://jerseyshore.craigslist.org,3526677364
http://sanangelo.craigslist.org,3539726919
http://tucson.craigslist.org,3556931287
http://salina.craigslist.org,3539175317
http://annarbor.craigslist.org,3556779370
http://scranton.craigslist.org,3548222011
http://westslope.craigslist.org,3551294344
http://miami.craigslist.org,3556940575
http://albany.craigslist.org,3556902550
http://kpr.craigslist.org,3556976197
http://auburn.craigslist.org,3515537166
http://prescott.craigslist.org,3536125449
http://masoncity.craigslist.org,3514614437
http://neworleans.craigslist.org,3556920807
http://peoria.craigslist.org,3556893805
http://greenville.craigslist.org,3556992275
http://sanantonio.craigslist.org,3556982711
http://hudsonvalley.craigslist.org,3507424349
http://clarksville.craigslist.org,3525356942
http://williamsport.craigslist.org,3523512186
http://york.craigslist.org,3556974697
http://boulder.craigslist.org,3525178259
http://savannah.craigslist.org,3543512745
http://youngstown.craigslist.org,3524988497
http://beaumont.craigslist.org,3517799982
http://pittsburgh.craigslist.org,3524934944
http://southbend.craigslist.org,3498084523
http://kokomo.craigslist.org,3556853210
http://fresno.craigslist.org,3512727980
http://treasure.craigslist.org,3556919061
http://medford.craigslist.org,3556910048
http://tulsa.craigslist.org,3556988883
http://chicago.craigslist.org,3556944682
http://lawrence.craigslist.org,3555920038
http://hartford.craigslist.org,3540637768
http://bloomington.craigslist.org,3497927962
http://roseburg.craigslist.org,3532145214
http://brunswick.craigslist.org,3529637462
http://washingtondc.craigslist.org,3556939351
http://saginaw.craigslist.org,3551704304
http://bakersfield.craigslist.org,3548478128
http://madison.craigslist.org,3556922671
http://springfield.craigslist.org,3556978035
http://honolulu.craigslist.org,3496168578
http://lewiston.craigslist.org,3549050704
http://waco.craigslist.org,3514927910
http://yuma.craigslist.org,3556540283
http://lasvegas.craigslist.org,3546495079
http://northernwi.craigslist.org,3527466902
http://columbiamo.craigslist.org,3550447833
http://chillicothe.craigslist.org,3555975064
http://albuquerque.craigslist.org,3556975575
http://abilene.craigslist.org,3511268583
http://muskegon.craigslist.org,3556913416
http://clovis.craigslist.org,3529492269
http://charlottesville.craigslist.org,3556703392
http://southcoast.craigslist.org,3535443130
http://westernmass.craigslist.org,3556926774
http://thumb.craigslist.org,3555184748
http://worcester.craigslist.org,3540293333
http://sacramento.craigslist.org,3538397876
http://wichitafalls.craigslist.org,3550916203
http://siouxcity.craigslist.org,3556085066
http://reading.craigslist.org,3538237140
http://santamaria.craigslist.org,3556674424
http://fayar.craigslist.org,3556827906
http://smd.craigslist.org,3522242444
http://fredericksburg.craigslist.org,3521444131
http://winstonsalem.craigslist.org,3522688857
http://milwaukee.craigslist.org,3514766861
http://atlanta.craigslist.org,3556921125
http://centralmich.craigslist.org,3556440684
http://pensacola.craigslist.org,3556933195
http://santabarbara.craigslist.org,3517542962
http://dothan.craigslist.org,3556477543
http://newyork.craigslist.org,3516051756
http://cfl.craigslist.org,3490359036
http://athensohio.craigslist.org,3500162833
http://susanville.craigslist.org,3485083955
http://ames.craigslist.org,3556033454
http://killeen.craigslist.org,3504643593
http://albanyga.craigslist.org,3552845152
http://stcloud.craigslist.org,3556713984
http://delrio.craigslist.org,3536297128
http://lakeland.craigslist.org,3556842750
http://rockies.craigslist.org,3547532871
http://humboldt.craigslist.org,3556918261
http://porthuron.craigslist.org,3494842191
http://racine.craigslist.org,3531874944
http://knoxville.craigslist.org,3552207066
http://dallas.craigslist.org,3524679940
http://tuscarawas.craigslist.org,3522187287
http://meridian.craigslist.org,3527937276
http://lynchburg.craigslist.org,3542223100
http://eastco.craigslist.org,3553709876
http://glensfalls.craigslist.org,3529279797
http://janesville.craigslist.org,3556688003
http://redding.craigslist.org,3556921283
http://mankato.craigslist.org,3545822431
http://hanford.craigslist.org,3555994510
http://bn.craigslist.org,3556505886
http://pueblo.craigslist.org,3538080321
http://oneonta.craigslist.org,3550187291
http://corvallis.craigslist.org,3527114904
http://oregoncoast.craigslist.org,3556826334
http://swmi.craigslist.org,3528068087
http://nashville.craigslist.org,3556980280
http://akroncanton.craigslist.org,3556941686
http://wilmington.craigslist.org,3497925714
http://watertown.craigslist.org,3546325777
http://grandforks.craigslist.org,3489339293
http://keys.craigslist.org,3545811841
http://buffalo.craigslist.org,3556955478
http://bismarck.craigslist.org,3527190974
http://ogden.craigslist.org,3552122611
http://lubbock.craigslist.org,3502286634
http://nwks.craigslist.org,3553641884
http://kirksville.craigslist.org,3524060287
http://virgin.craigslist.org,3547228528
http://poconos.craigslist.org,3555804835
http://ashtabula.craigslist.org,3555837629
http://merced.craigslist.org,3544998956
http://ocala.craigslist.org,3556753401
http://flagstaff.craigslist.org,3556905457
http://baltimore.craigslist.org,3556953331
http://reno.craigslist.org,3556953393
http://chautauqua.craigslist.org,3555275253
http://mcallen.craigslist.org,3556993684
http://mobile.craigslist.org,3556077322
http://up.craigslist.org,3524971486
http://toledo.craigslist.org,3556914150
http://valdosta.craigslist.org,3555667576
http://marshall.craigslist.org,3491369511
http://bozeman.craigslist.org,3523405214
http://allentown.craigslist.org,3556988179
http://raleigh.craigslist.org,3509483482
http://westpalmbeach.craigslist.org,3556940575
http://westky.craigslist.org,3556734667
http://springfieldil.craigslist.org,3556845393
http://siskiyou.craigslist.org,3546410732
http://mendocino.craigslist.org,3538920161
http://micronesia.craigslist.org,3537919479
http://olympic.craigslist.org,3538261119
http://wheeling.craigslist.org,3550653094
http://charleston.craigslist.org,3556909666
http://pullman.craigslist.org,3524647777
http://fortsmith.craigslist.org,3556758771
http://oklahomacity.craigslist.org,3556974390
http://rmn.craigslist.org,3556561149
http://fortdodge.craigslist.org,3545338634
http://topeka.craigslist.org,3555955427
http://logan.craigslist.org,3555571503
http://eastidaho.craigslist.org,3550703637
http://terrehaute.craigslist.org,3500732300
http://twinfalls.craigslist.org,3548809173
http://lacrosse.craigslist.org,3554651356
http://nwga.craigslist.org,3522432100
http://panamacity.craigslist.org,3556441689
http://ithaca.craigslist.org,3556461876
http://roanoke.craigslist.org,3501710886
http://klamath.craigslist.org,3545652810
http://siouxfalls.craigslist.org,3545555332
http://swv.craigslist.org,3556609242
http://daytona.craigslist.org,3524517718
http://stlouis.craigslist.org,3495393665
http://frederick.craigslist.org,3556955972
http://corpuschristi.craigslist.org,3556924502
http://fortlauderdale.craigslist.org,3556940575
http://catskills.craigslist.org,3555017785
http://texoma.craigslist.org,3555432882
http://tampa.craigslist.org,3556945701
http://bgky.craigslist.org,3556860886
http://showlow.craigslist.org,3502462089
http://harrisonburg.craigslist.org,3556707092
http://providence.craigslist.org,3552001991
http://fingerlakes.craigslist.org,3514740199
http://northplatte.craigslist.org,3552934703
http://eauclaire.craigslist.org,3532749021
http://helena.craigslist.org,3556135160
http://tippecanoe.craigslist.org,3556854332
http://onslow.craigslist.org,3554958941
http://mattoon.craigslist.org,3544880361
http://slo.craigslist.org,3509615489
http://gulfport.craigslist.org,3532402369
http://hickory.craigslist.org,3514852741
http://meadville.craigslist.org,3551116874
http://greenbay.craigslist.org,3513084500
http://missoula.craigslist.org,3556820578
http://skagit.craigslist.org,3531526638
http://greatfalls.craigslist.org,3550907832
http://newhaven.craigslist.org,3527759533
http://sfbay.craigslist.org,3492038068
http://cookeville.craigslist.org,3544659546
http://jacksontn.craigslist.org,3555550251
http://seattle.craigslist.org,3541376368
http://tallahassee.craigslist.org,3556793642
http://provo.craigslist.org,3556488975
http://winchester.craigslist.org,3554976802
http://palmsprings.craigslist.org,3536149631
http://farmington.craigslist.org,3556230887
http://statesboro.craigslist.org,3552556081
http://limaohio.craigslist.org,3499356925
http://charlestonwv.craigslist.org,3508186708
http://wichita.craigslist.org,3556952826
http://burlington.craigslist.org,3556961396
http://hiltonhead.craigslist.org,3556441461
http://sd.craigslist.org,3551048409
http://ventura.craigslist.org,3556960233
http://sarasota.craigslist.org,3497089504
http://detroit.craigslist.org,3510747250
http://morgantown.craigslist.org,3556177045
http://salem.craigslist.org,3508944620
http://annapolis.craigslist.org,3556914606
http://desmoines.craigslist.org,3556922403
http://brainerd.craigslist.org,3493869856
http://sierravista.craigslist.org,3555909352
http://fargo.craigslist.org,3526408815
http://kenai.craigslist.org,3525086922
http://cenla.craigslist.org,3554926283
http://myrtlebeach.craigslist.org,3507653204
http://spacecoast.craigslist.org,3541458305
http://lancaster.craigslist.org,3556950241
http://brownsville.craigslist.org,3556882139
http://saltlakecity.craigslist.org,3550730421
http://dayton.craigslist.org,3512565648
http://nd.craigslist.org,3536989683
http://easttexas.craigslist.org,3550342760
http://twintiers.craigslist.org,3527668656
http://zanesville.craigslist.org,3543386509
http://altoona.craigslist.org,3503393530
http://elko.craigslist.org,3509635485
http://puertorico.craigslist.org,3536324298
http://seks.craigslist.org,3555078312
http://bend.craigslist.org,3522078230
http://jonesboro.craigslist.org,3513749672
http://orangecounty.craigslist.org,3550308154
http://boston.craigslist.org,3556947393
http://texarkana.craigslist.org,3554266424
http://danville.craigslist.org,3556635431
http://huntsville.craigslist.org,3556818950
http://binghamton.craigslist.org,3526640316
http://potsdam.craigslist.org,3543419297
http://blacksburg.craigslist.org,3501712099
http://scottsbluff.craigslist.org,3534224250
http://lexington.craigslist.org,3538972364
http://nmi.craigslist.org,3521130813
http://jxn.craigslist.org,3556709545
http://newjersey.craigslist.org,3556964943
http://spokane.craigslist.org,3529509328
http://wenatchee.craigslist.org,3543860076
http://appleton.craigslist.org,3506650688
http://inlandempire.craigslist.org,3556933978
http://littlerock.craigslist.org,3556807831
http://athensga.craigslist.org,3541332589
http://phoenix.craigslist.org,3556931116
http://quincy.craigslist.org,3499777059
http://yakima.craigslist.org,3556925631
http://enid.craigslist.org,3553297929
http://memphis.craigslist.org,3541059245
http://houston.craigslist.org,3537626595
http://chambana.craigslist.org,3556797265
http://moseslake.craigslist.org,3551165881
http://martinsburg.craigslist.org,3556525340
http://evansville.craigslist.org,3556373470
http://philadelphia.craigslist.org,3556989832
http://montana.craigslist.org,3516762864
http://richmondin.craigslist.org,3493842751
http://rapidcity.craigslist.org,3555435462
http://houma.craigslist.org,3546681531
http://sandusky.craigslist.org,3525117544
http://asheville.craigslist.org,3556842435
http://westmd.craigslist.org,3556452879
http://batonrouge.craigslist.org,3556855266
http://bemidji.craigslist.org,3543426449
http://syracuse.craigslist.org,3556654768
http://eastoregon.craigslist.org,3553627872
http://denver.craigslist.org,3549941197
http://grandisland.craigslist.org,3556873643
http://modesto.craigslist.org,3512929495
http://nacogdoches.craigslist.org,3490125305
http://tricities.craigslist.org,3544145580
http://flint.craigslist.org,3556878411
http://indianapolis.craigslist.org,3556934161
http://ottumwa.craigslist.org,3528545908
http://richmond.craigslist.org,3556926114
http://owensboro.craigslist.org,3489203855
http://newlondon.craigslist.org,3541236203
http://victoriatx.craigslist.org,3537314987
http://capecod.craigslist.org,3556736035
http://northmiss.craigslist.org,3494439854
http://gainesville.craigslist.org,3556897062
http://austin.craigslist.org,3556991466
http://elpaso.craigslist.org,3514764751
http://columbus.craigslist.org,3556952022
http://roswell.craigslist.org,3552617286
http://monroe.craigslist.org,3548406772
http://fairbanks.craigslist.org,3556241549
http://holland.craigslist.org,3499214969
http://chattanooga.craigslist.org,3556912679
http://lakecity.craigslist.org,3554182336
http://yubasutter.craigslist.org,3522179260
http://huntington.craigslist.org,3547239625
http://minneapolis.craigslist.org,3556963325
http://amarillo.craigslist.org,3504393469
http://semo.craigslist.org,3501449301
http://delaware.craigslist.org,3556928370
http://augusta.craigslist.org,3556828029
http://swva.craigslist.org,3544143446
http://sheboygan.craigslist.org,3501582303
http://southjersey.craigslist.org,3556947464
http://lascruces.craigslist.org,3556797018
http://gadsden.craigslist.org,3556012895
http://visalia.craigslist.org,3556306810
http://wausau.craigslist.org,3526603129
http://odessa.craigslist.org,3554988221
http://cnj.craigslist.org,3496040774
http://pennstate.craigslist.org,3556461495
http://muncie.craigslist.org,3556841386
http://billings.craigslist.org,3537175778
http://maine.craigslist.org,3556875768
http://stjoseph.craigslist.org,3555335579
http://kalamazoo.craigslist.org,3508655056
http://natchez.craigslist.org,3552417155
http://grandrapids.craigslist.org,3556882122
http://collegestation.craigslist.org,3556894058
http://columbusga.craigslist.org,3556776832
http://louisville.craigslist.org,3529678961
http://laredo.craigslist.org,3553881347
http://lakecharles.craigslist.org,3555807407
http://joplin.craigslist.org,3556670976
http://nesd.craigslist.org,3550866004
http://macon.craigslist.org,3495303063
http://decatur.craigslist.org,3556500922
http://monterey.craigslist.org,3541505090
http://omaha.craigslist.org,3520093002
http://florencesc.craigslist.org,3523751862
http://fortwayne.craigslist.org,3496165246
http://bham.craigslist.org,3556837638
http://longisland.craigslist.org,3556971366
http://santafe.craigslist.org,3508886419
http://orlando.craigslist.org,3556924529
http://columbia.craigslist.org,3501528839
http://parkersburg.craigslist.org,3556695219
http://eastnc.craigslist.org,3556883075
http://fayetteville.craigslist.org,3556902090
http://boone.craigslist.org,3543752555
http://kalispell.craigslist.org,3548982237
http://carbondale.craigslist.org,3536517387
http://stockton.craigslist.org,3510995730
http://mansfield.craigslist.org,3516279545
http://nwct.craigslist.org,3556686998
http://swks.craigslist.org,3556055100
http://lawton.craigslist.org,3554672514
http://shreveport.craigslist.org,3528689549
http://lasalle.craigslist.org,3552037549
http://boise.craigslist.org,3515155679
http://wv.craigslist.org,3553847399
http://iowacity.craigslist.org,3542826480
http://utica.craigslist.org,3556622095
http://cincinnati.craigslist.org,3502293403
http://eastky.craigslist.org,3520543981
http://duluth.craigslist.org,3556607556
http://mohave.craigslist.org,3512718657
http://hattiesburg.craigslist.org,3556813377
http://lincoln.craigslist.org,3556916234
http://sanmarcos.craigslist.org,3550475168
http://montgomery.craigslist.org,3555217618
http://loz.craigslist.org,3487812446
http://nh.craigslist.org,3524310141
http://okaloosa.craigslist.org,3556841829
http://lafayette.craigslist.org,3543412605
http://monroemi.craigslist.org,3543408751
http://chico.craigslist.org,3556927175
http://cosprings.craigslist.org,3530261677
http://juneau.craigslist.org,3555704299
http://battlecreek.craigslist.org,3499727480
http://greensboro.craigslist.org,3556890486
